id,name,aliases
intrusion-set--01e28736-2ffc-455b-9880-ed4d1407ae07,Indrik Spider,"Indrik Spider, Evil Corp, Manatee Tempest, DEV-0243, UNC2165"
intrusion-set--b7f627e2-0817-4cd5-8d50-e75f8aa85cc6,LuminousMoth,LuminousMoth
intrusion-set--918da025-04bd-48af-b6c4-f3e4d1b915eb,Medusa Group,Medusa Group
intrusion-set--dd2d9ca6-505b-4860-a604-233685b802c7,Wizard Spider,"Wizard Spider, UNC1878, TEMP.MixMaster, Grim Spider, FIN12, GOLD BLACKBURN, ITG23, Periwinkle Tempest, DEV-0193, Pistachio Tempest, DEV-0237"
intrusion-set--03506554-5f37-4f8f-9ce4-0e9f01a1b484,Elderwood,"Elderwood, Elderwood Gang, Beijing Group, Sneaky Panda"
intrusion-set--6b1b551c-d770-4f95-8cfc-3cd253c4c04e,Frankenstein,Frankenstein
intrusion-set--3753cc21-2dae-4dfb-8481-d004e74502cc,FIN7,"FIN7, GOLD NIAGARA, ITG14, Carbon Spider, ELBRUS, Sangria Tempest"
intrusion-set--461b8e25-8f4a-4ea2-a4a8-e39df7ce6630,UNC3886,UNC3886
intrusion-set--e1fc262c-dad2-4b82-abda-5f08dd134971,Velvet Ant,Velvet Ant
intrusion-set--f8cb7b36-62ef-4488-8a6d-a7033e3271c1,WIRTE,"WIRTE, Ashen Lepus"
intrusion-set--9b36c218-4d80-4ec6-a68d-cc2886bbe410,Star Blizzard,"Star Blizzard, SEABORGIUM, Callisto Group, TA446, COLDRIVER"
intrusion-set--1c63d4ec-0a75-4daa-b1df-0d11af3d3cc1,Dragonfly,"Dragonfly, TEMP.Isotope, DYMALLOY, Berserk Bear, TG-4192, Crouching Yeti, IRON LIBERTY, Energetic Bear, Ghost Blizzard, BROMINE"
intrusion-set--c4d50cdf-87ce-407d-86d8-862883485842,APT-C-36,"APT-C-36, Blind Eagle, TAG-144, AguilaCiega, APT-Q-98"
intrusion-set--4ca1929c-7d64-4aab-b849-badbfc0c760d,OilRig,"OilRig, COBALT GYPSY, IRN2, APT34, Helix Kitten, Evasive Serpens, Hazel Sandstorm, EUROPIUM, ITG13, Earth Simnavaz, Crambus, TA452"
intrusion-set--96e239be-ad99-49eb-b127-3007b8c1bec9,Equation,Equation
intrusion-set--c21dd6f1-1364-4a70-a1f7-783080ec34ee,Fox Kitten,"Fox Kitten, UNC757, Parisite, Pioneer Kitten, RUBIDIUM, Lemon Sandstorm"
intrusion-set--c93fccb1-e8e8-42cf-ae33-2ad1d183913a,Lazarus Group,"Lazarus Group, Labyrinth Chollima, HIDDEN COBRA, Guardians of Peace, ZINC, NICKEL ACADEMY, Diamond Sleet"
intrusion-set--64b52e7d-b2c4-4a02-9372-08a463f5dc11,Aquatic Panda,Aquatic Panda
intrusion-set--f3be6240-f68e-47e1-90d2-ad8f3b3bb8a6,Daggerfly,"Daggerfly, Evasive Panda, BRONZE HIGHLAND"
intrusion-set--35d1b3be-49d4-42f1-aaa6-ef159c880bca,TeamTNT,TeamTNT
intrusion-set--7eda3dd8-b09b-4705-8090-c2ad9fb8c14d,TA505,"TA505, Hive0065, Spandex Tempest, CHIMBORAZO"
intrusion-set--ead23196-d7b6-4ce6-a124-4ab4b67d81bd,Inception,"Inception, Inception Framework, Cloud Atlas"
intrusion-set--16ade1aa-0ea1-4bb7-88cc-9079df2ae756,admin@338,admin@338
intrusion-set--6fe8a2a1-a1b0-4af8-953d-4babd329f8f8,BlackTech,"BlackTech, Palmerworm"
intrusion-set--c0291346-defe-48d7-9542-9e074ba1bdfb,APT42,APT42
intrusion-set--bf668120-e9a6-4017-a014-bfc0f5232656,Malteiro,Malteiro
intrusion-set--cc613a49-9bfa-4e22-98d1-15ffbb03f034,Earth Lusca,"Earth Lusca, TAG-22, Charcoal Typhoon, CHROMIUM, ControlX"
intrusion-set--0ec2f388-bf0f-4b5c-97b1-fc736d26c25f,Kimsuky,"Kimsuky, Black Banshee, Velvet Chollima, Emerald Sleet, THALLIUM, APT43, TA427, Springtail, Earth Kumiho, PatheticSlug"
intrusion-set--ecbf507f-6786-4121-a4cc-0fd6a8d3a29d,Play,Play
intrusion-set--381fcf73-60f6-4ab2-9991-6af3cbc35192,Sandworm Team,"Sandworm Team, ELECTRUM, Telebots, IRON VIKING, BlackEnergy (Group), Quedagh, Voodoo Bear, IRIDIUM, Seashell Blizzard, FROZENBARENTS, APT44"
intrusion-set--dc5e2999-ca1a-47d4-8d12-a6984b138a1b,UNC2452,"UNC2452, NOBELIUM, StellarParticle, Dark Halo"
intrusion-set--13ef3485-70d2-4567-b934-0e83c1eafcf1,TA577,TA577
intrusion-set--7a19ecb1-3c65-4de3-a230-993516aed6a6,Turla,"Turla, IRON HUNTER, Group 88, Waterbug, WhiteBear, Snake, Krypton, Venomous Bear, Secret Blizzard, BELUGASTURGEON"
intrusion-set--5cbe0d3b-6fb1-471f-b591-4b192915116d,Suckfly,Suckfly
intrusion-set--a7f57cc1-4540-4429-823f-f4e56b8473c9,Ember Bear,"Ember Bear, UNC2589, Bleeding Bear, DEV-0586, Cadet Blizzard, Frozenvista, UAC-0056"
intrusion-set--2a7914cf-dff3-428d-ab0f-1014d1c28aeb,FIN6,"FIN6, Magecart Group 6, ITG08, Skeleton Spider, TAAL, Camouflage Tempest"
intrusion-set--d13c8a7f-740b-4efa-a232-de7d6bb05321,Silence,"Silence, Whisper Spider"
intrusion-set--17862c7d-9e60-48a0-b48e-da4dc4c3f6b0,Patchwork,"Patchwork, Hangover Group, Dropping Elephant, Chinastrats, MONSOON, Operation Hangover"
intrusion-set--bef4c620-0787-42a8-a96d-b7eb6e85917c,APT28,"APT28, IRON TWILIGHT, SNAKEMACKEREL, Swallowtail, Group 74, Sednit, Sofacy, Pawn Storm, Fancy Bear, STRONTIUM, Tsar Team, Threat Group-4127, TG-4127, Forest Blizzard, FROZENLAKE, GruesomeLarch"
intrusion-set--64d5f96a-f121-4d19-89f6-6709f5c49faa,Aoqin Dragon,Aoqin Dragon
intrusion-set--8b1e16f6-e7c8-4b7a-a5df-f81232c13e2f,Cinnamon Tempest,"Cinnamon Tempest, DEV-0401, Emperor Dragonfly, BRONZE STARLIGHT"
intrusion-set--f29b7c5e-2439-42ad-a86f-9f8984fafae3,HEXANE,"HEXANE, Lyceum, Siamesekitten, Spirlin"
intrusion-set--9e729a7e-0dd6-4097-95bf-db8d64911383,Darkhotel,"Darkhotel, DUBNIUM, Zigzag Hail"
intrusion-set--6713ab67-e25b-49cc-808d-2b36d4fbc35c,Ke3chang,"Ke3chang, APT15, Mirage, Vixen Panda, GREF, Playful Dragon, RoyalAPT, NICKEL, Nylon Typhoon"
intrusion-set--ebb73863-fa44-4617-b4cb-b9ed3414eb87,Honeybee,Honeybee
intrusion-set--174279b4-399f-4ddb-966e-5efedd1dd5f2,Volt Typhoon,"Volt Typhoon, BRONZE SILHOUETTE, Vanguard Panda, DEV-0391, UNC3236, Voltzite, Insidious Taurus, DazedToad"
intrusion-set--32bca8ff-d900-4877-aa65-d70baa041b74,Leafminer,"Leafminer, Raspite"
intrusion-set--f9d6633a-55e6-4adc-9263-6ae080421a13,Magic Hound,"Magic Hound, TA453, COBALT ILLUSION, Charming Kitten, ITG18, Phosphorus, Newscaster, APT35, Mint Sandstorm"
intrusion-set--899ce53f-13a0-479b-a0e4-67d46e241542,APT29,"APT29, IRON RITUAL, IRON HEMLOCK, NobleBaron, Dark Halo, NOBELIUM, UNC2452, YTTRIUM, The Dukes, Cozy Bear, CozyDuke, SolarStorm, Blue Kitsune, UNC3524, Midnight Blizzard"
intrusion-set--129f2f77-1ab2-4c35-bd5e-21260cee92af,EXOTIC LILY,EXOTIC LILY
intrusion-set--dc6fe6ee-04c2-49be-ba3d-f38d2463c02a,Cobalt Group,"Cobalt Group, GOLD KINGSWOOD, Cobalt Gang, Cobalt Spider"
intrusion-set--39d6890e-7f23-4474-b8ef-e7b0343c5fc8,Andariel,"Andariel, Silent Chollima, PLUTONIUM, Onyx Sleet"
intrusion-set--2688b13e-8e71-405a-9c40-0dee94bddf87,HAFNIUM,"HAFNIUM, Operation Exchange Marauder, Silk Typhoon"
intrusion-set--44e43fad-ffcb-4210-abcf-eaaed9735f80,APT39,"APT39, ITG07, Chafer, Remix Kitten"
intrusion-set--269e8108-68c6-4f99-b911-14b2e765dec2,MuddyWater,"MuddyWater, Earth Vetala, MERCURY, Static Kitten, Seedworm, TEMP.Zagros, Mango Sandstorm, TA450, MuddyKrill"
intrusion-set--00f67a77-86a4-4adf-be26-1a54fc713340,APT38,"APT38, NICKEL GLADSTONE, BeagleBoyz, Bluenoroff, Stardust Chollima, Sapphire Sleet, COPERNICIUM"
intrusion-set--e44e0985-bc65-4a8f-b578-211c858128e3,Transparent Tribe,"Transparent Tribe, COPPER FIELDSTONE, APT36, Mythic Leopard, ProjectM"
intrusion-set--247cb30b-955f-42eb-97a5-a89fef69341e,APT32,"APT32, SeaLotus, OceanLotus, APT-C-00, Canvas Cyclone, BISMUTH"
intrusion-set--93f52415-0fe4-4d3d-896c-fc9b8e88ab90,BRONZE BUTLER,"BRONZE BUTLER, REDBALDKNIGHT, Tick"
intrusion-set--5f3d0238-d058-44a9-8812-3dd1b6741a8c,POLONIUM,"POLONIUM, Plaid Rain"
intrusion-set--c1aab4c9-4c34-4f4f-8541-d529e46a07f9,APT5,"APT5, Mulberry Typhoon, MANGANESE, BRONZE FLEETWOOD, Keyhole Panda, UNC2630"
intrusion-set--9735c036-8ebe-47e9-9c77-b0ae656dab93,BackdoorDiplomacy,BackdoorDiplomacy
intrusion-set--7113eaa5-ba79-4fb3-b68a-398ee9cd698e,Leviathan,"Leviathan, MUDCARP, Kryptonite Panda, Gadolinium, BRONZE MOHAWK, TEMP.Jumper, APT40, TEMP.Periscope, Gingham Typhoon"
intrusion-set--319fd652-edde-46b2-9987-3519493989f5,Storm-1811,Storm-1811
intrusion-set--fa19de15-6169-428d-9cd6-3ca3d56075b7,Ajax Security Team,"Ajax Security Team, Operation Woolen-Goldfish, AjaxTM, Rocket Kitten, Flying Kitten, Operation Saffron Rose"
intrusion-set--46bb06cb-f2d9-4b37-8c92-a27e224ad90d,Akira,"Akira, GOLD SAHARA, PUNK SPIDER, Howling Scorpius"
intrusion-set--420ac20b-f2b9-42b8-aa1a-6d4b72895ca4,Mustang Panda,"Mustang Panda, TA416, RedDelta, BRONZE PRESIDENT, STATELY TAURUS, FIREANT, CAMARO DRAGON, EARTH PRETA, HIVE0154, TWILL TYPHOON, TANTALUM, LUMINOUS MOTH, UNC6384, TEMP.Hex, Red Lich, ClumsyToad"
intrusion-set--d8bc9788-4f7d-41a9-9e9d-ee1ea18a8cf7,LAPSUS$,"LAPSUS$, DEV-0537, Strawberry Tempest"
intrusion-set--8c1f0187-0826-4320-bddc-5f326cfcfe2c,Chimera,Chimera
intrusion-set--467271fd-47c0-4e90-a3f9-d84f5cf790d0,TA2541,TA2541
intrusion-set--b516b235-fc7d-4635-aca5-3d33312339c3,ToddyCat,ToddyCat
intrusion-set--7f848c02-4d1e-4808-a4ae-4670681370a9,BITTER,"BITTER, T-APT-17"
intrusion-set--c416b28c-103b-4df1-909e-78089a7e0e5f,RTM,RTM
intrusion-set--222fbd21-fc4f-4b7e-9f85-0e6e3a76c33f,menuPass,"menuPass, Cicada, POTASSIUM, Stone Panda, APT10, Red Apollo, CVNX, HOGFISH, BRONZE RIVERSIDE"
intrusion-set--28f04ed3-8e91-4805-b1f6-869020517871,Operation Wocao,Operation Wocao
intrusion-set--7b404cd0-3ae9-41d4-90c0-023793d35d97,Storm-0501,Storm-0501
intrusion-set--56319646-eb6e-41fc-ae53-aadfa7adb924,Tropic Trooper,"Tropic Trooper, Pirate Panda, KeyBoy"
intrusion-set--0d4ac089-ced4-4cc4-a989-174d08e6d030,Mustard Tempest,"Mustard Tempest, DEV-0206, TA569, GOLD PRELUDE, UNC1543"
intrusion-set--fe8796a4-2a02-41a0-9d27-7aa1e995feb6,APT19,"APT19, Codoso, C0d0so0, Codoso Team, Sunshop Group"
intrusion-set--4c4a7846-45d5-4761-8eea-725fa989914c,Moses Staff,"Moses Staff, DEV-0500, Marigold Sandstorm"
intrusion-set--23b6a0f5-fa95-46f9-a6f3-4549c5e45ec8,Night Dragon,Night Dragon
intrusion-set--df71bb3b-813c-45eb-a8bc-f2a419837411,Molerats,"Molerats, Operation Molerats, Gaza Cybergang"
intrusion-set--894aab42-3371-47b1-8859-a4a074c804c8,Stealth Falcon,Stealth Falcon
intrusion-set--8cf6e33b-b6ef-4a1f-a77c-0ecdde93161f,MirrorFace,"MirrorFace, Earth Kasha"
intrusion-set--813636db-3939-4a45-bea9-6113e970c029,DarkVishnya,DarkVishnya
intrusion-set--4a2ce82e-1a74-468a-a6fb-bbead541383c,APT37,"APT37, InkySquid, ScarCruft, Reaper, Group123, TEMP.Reaper, Ricochet Chollima"
intrusion-set--ebd7ce77-c9ba-4fba-bb28-58296ac66559,VOID MANTICORE,"VOID MANTICORE, COBALT MYSTIQUE, Handala Hack, Homeland Justice, Karma, Karmabelow80, BANISHED KITTEN, Red Sandstorm"
intrusion-set--d519164e-f5fa-4b8c-a1fb-cf0172ad0983,Threat Group-1314,"Threat Group-1314, TG-1314"
intrusion-set--18854f55-ac7c-4634-bd9a-352dd07613b7,APT41,"APT41, Wicked Panda, Brass Typhoon, BARIUM"
intrusion-set--cb41e991-65f4-4668-a65f-f4200545b5a1,INC Ransom,"INC Ransom, GOLD IONIC"
intrusion-set--fd66436e-4d33-450e-ac4c-f7810f1c85f4,FIN13,"FIN13, Elephant Beetle"
intrusion-set--7331c66a-5601-4d3f-acf6-ad9e3035eb40,Group5,Group5
intrusion-set--f9c06633-dcff-48a1-8588-759e7cec5694,PLATINUM,PLATINUM
intrusion-set--06a11b7e-2a36-47fe-8d3e-82c265df3258,GALLIUM,"GALLIUM, Granite Typhoon"
intrusion-set--fbe9387f-34e6-4828-ac28-3080020c597b,FIN10,FIN10
intrusion-set--c5947e1c-1cbc-434c-94b8-27c7e3be0fff,Winnti Group,"Winnti Group, Blackfly"
intrusion-set--fd19bd82-1b14-49a1-a176-6cdc46b8a826,FIN8,"FIN8, Syssphinx"
intrusion-set--44102191-3a31-45f8-acbe-34bdb441d5ad,Rocke,Rocke
intrusion-set--2c40f629-6cf9-4f75-af32-9a98caec24ae,RedEcho,RedEcho
intrusion-set--674582ec-51c4-42ce-b409-797239e37a2a,Saint Bear,"Saint Bear, Storm-0587, TA471, UAC-0056, Lorec53"
intrusion-set--44d37b89-a739-4810-9111-0d2617a8939b,Scattered Spider,"Scattered Spider, Roasted 0ktapus, Octo Tempest, Storm-0875, UNC3944"
intrusion-set--3ea7add5-5b8f-45d8-b1f1-905d2729d62a,CURIUM,"CURIUM, Crimson Sandstorm, TA456, Tortoise Shell, Yellow Liderc"
intrusion-set--4e868dad-682d-4897-b8df-2dc98f46c68a,Windigo,Windigo
intrusion-set--73a80fab-2aa3-48e0-a4d0-3a4828200aee,Blue Mockingbird,Blue Mockingbird
intrusion-set--82323c70-4186-4b61-94f5-b227c3b28e89,RedCurl,RedCurl
intrusion-set--bb82e0b0-6e9c-439f-970a-4c917a74c5f2,CostaRicto,CostaRicto
intrusion-set--d0b3393b-3bec-4ba3-bda9-199d30db47b6,FIN4,FIN4
intrusion-set--46599a4a-77ee-4697-9474-2683b6464859,Contagious Interview,"Contagious Interview, DeceptiveDevelopment, Gwisin Gang, Tenacious Pungsan, DEV#POPPER, PurpleBravo, TAG-121"
intrusion-set--1f21da59-6a13-455b-afd0-d58d0a5a7d27,Gorgon Group,Gorgon Group
intrusion-set--76d59913-1d24-4992-a8ac-05a3eb093f71,Dragonfly 2.0,"Dragonfly 2.0, IRON LIBERTY, DYMALLOY, Berserk Bear"
intrusion-set--3fc023b2-c5cc-481d-9c3e-70141ae1a87e,Sidewinder,"Sidewinder, T-APT-04, Rattlesnake"
intrusion-set--99910207-1741-4da1-9b5d-537410186b51,Gelsemium,Gelsemium
intrusion-set--54dfec3e-6464-4f74-9d69-b7c817b7e5a3,Higaisa,Higaisa
intrusion-set--f047ee18-7985-4946-8bfb-4ed754d3a0dd,APT30,APT30
intrusion-set--afec6dc3-a18e-4b62-b1a4-5510e1a498d1,Windshift,"Windshift, Bahamut"
intrusion-set--6eded342-33e5-4451-b6b2-e1c62863129f,Confucius,"Confucius, Confucius APT"
intrusion-set--02b16bd6-ae88-417a-8a3f-02c5e166175a,BlackByte,"BlackByte, Hecamede"
intrusion-set--fb366179-766c-4a4a-afa1-52bff1fd601c,Threat Group-3390,"Threat Group-3390, Earth Smilodon, TG-3390, Emissary Panda, BRONZE UNION, APT27, Iron Tiger, LuckyMouse, Linen Typhoon"
intrusion-set--1c3dcf91-b859-4aae-a09c-ae26dc8b6390,Salt Typhoon,Salt Typhoon
intrusion-set--c5b81590-6814-4d2a-8baa-15c4b6c7f960,Tonto Team,"Tonto Team, Earth Akhlut, BRONZE HUNTLEY, CactusPete, Karma Panda"
intrusion-set--2e290bfe-93b5-48ce-97d6-edcd6d32b7cf,Gamaredon Group,"Gamaredon Group, IRON TILDEN, Primitive Bear, ACTINIUM, Armageddon, Shuckworm, DEV-0157, Aqua Blizzard, NastyShrew"
intrusion-set--b8137919-38cb-4db0-90f3-437be885faba,Agrius,"Agrius, Pink Sandstorm, AMERICIUM, Agonizing Serpens, BlackShadow"
intrusion-set--56a05d27-4d47-418a-b330-781c5614f202,Sea Turtle,"Sea Turtle, Teal Kurma, Marbled Dust, Cosmic Wolf, SILICON"
intrusion-set--f40eb8ce-2a74-4e56-89a1-227021410142,Rancor,Rancor
intrusion-set--e6db1e55-b199-4b6b-8633-989345ee45e0,Moonstone Sleet,"Moonstone Sleet, Storm-1789"
intrusion-set--94873029-f950-4268-9cfd-5032e15cb182,TA551,"TA551, GOLD CABIN, Shathak"
intrusion-set--a0cb9370-e39b-44d5-9f50-ef78e412b973,Axiom,"Axiom, Group 72"
intrusion-set--8a831aaa-f3e0-47a3-bed8-a9ced744dd12,Dark Caracal,Dark Caracal
intrusion-set--fed4f0a2-4347-4530-b0f5-6dfd49b29172,Nomadic Octopus,"Nomadic Octopus, DustSquad"
intrusion-set--c47f937f-1022-4f42-8525-e7a4779a14cb,APT12,"APT12, IXESHE, DynCalc, Numbered Panda, DNSCALC"
intrusion-set--0bbdf25b-30ff-4894-a1cd-49260d0dd2d9,APT3,"APT3, Gothic Panda, Pirpi, UPS Team, Buckeye, Threat Group-0110, TG-0110"
intrusion-set--5ce5392a-3a6c-4e07-9df3-9b6a9159ac45,Putter Panda,"Putter Panda, APT2, MSUpdater"
intrusion-set--bfc5ddb3-4dfb-4278-8928-020e1b3feddd,Metador,Metador
intrusion-set--62a64fd3-aaf7-4d09-a375-d6f8bb118481,TA459,TA459
intrusion-set--4283ae19-69c7-4347-a35e-b56f08eb660b,ZIRCONIUM,"ZIRCONIUM, APT31, Violet Typhoon"
intrusion-set--6a2e693f-24e5-451a-9f88-b36a108e5662,APT1,"APT1, Comment Crew, Comment Group, Comment Panda"
intrusion-set--2a158b0a-7ef8-43cb-9985-bf34d1e12050,Naikon,Naikon
intrusion-set--ae41895a-243f-4a65-b99b-d85022326c31,Dust Storm,Dust Storm
intrusion-set--d1acfbb3-647b-4723-9154-800ec119006e,Sowbug,Sowbug
intrusion-set--88489675-d216-4884-a98f-49a89fcc1643,Mofang,Mofang
intrusion-set--38863958-a201-4ce1-9dbe-539b0b6804e0,Machete,"Machete, APT-C-43, El Machete"
intrusion-set--85403903-15e0-4f9f-9be4-a259ecad4022,FIN5,FIN5
intrusion-set--75a07184-a7e5-4222-95a1-a04dbc96a29c,Winter Vivern,"Winter Vivern, TA473, UAC-0114"
intrusion-set--03be849d-b5a2-4766-9dda-48976bae5710,SideCopy,SideCopy
intrusion-set--fbd29c89-18ba-4c2d-b792-51c0adee049f,APT33,"APT33, HOLMIUM, Elfin, Peach Sandstorm"
intrusion-set--88b7dbc2-32d3-4e31-af2f-3fc24e1582d7,Lotus Blossom,"Lotus Blossom, DRAGONFISH, Spring Dragon, RADIUM, Raspberry Typhoon, Bilbug, Thrip"
intrusion-set--c77c5576-ca19-42ed-a36f-4b4486a84133,GOLD SOUTHFIELD,"GOLD SOUTHFIELD, Pinchy Spider"
intrusion-set--b2e34388-6938-4c59-a702-80dc219e15e3,Volatile Cedar,"Volatile Cedar, Lebanese Cedar"
intrusion-set--1f0f9a14-11aa-49aa-9174-bcd0eaa979de,Evilnum,Evilnum
intrusion-set--5e78ae92-3ffd-4b16-bf62-e798529d73f1,Sharpshooter,Sharpshooter
intrusion-set--8f5e8dc7-739d-4f5e-a8a1-a66e004d7063,Cleaver,"Cleaver, Threat Group 2889, TG-2889"
intrusion-set--9538b1a4-4120-4e2d-bf59-3b11fcab05a4,TEMP.Veles,"TEMP.Veles, XENOTIME"
intrusion-set--6b9ebeb5-20bf-48b0-afb7-988d769a2f01,DarkHydrus,DarkHydrus
intrusion-set--b74f909f-8e52-4b69-b770-162bf59a1b4e,Whitefly,Whitefly
intrusion-set--90784c1e-4aba-40eb-9adf-7556235e6384,Silent Librarian,"Silent Librarian, TA407, COBALT DICKENS"
intrusion-set--38fd6a28-3353-4f2b-bb2b-459fecd5c648,APT18,"APT18, TG-0416, Dynamite Panda, Threat Group-0416"
intrusion-set--55033a4d-3ffe-46b2-99b4-2c1541e9ce1c,Carbanak,"Carbanak, Anunak"
intrusion-set--5636b7b3-d99b-4edd-aa05-ee649c1d4ef1,Orangeworm,Orangeworm
intrusion-set--a653431d-6a5e-4600-8ad3-609b5af57064,Deep Panda,"Deep Panda, Shell Crew, WebMasters, KungFu Kittens, PinkPanther, Black Vine"
intrusion-set--6688d679-ccdb-4f12-abf6-c7545dd767a4,The White Company,The White Company
intrusion-set--7ecc3b4f-5cdb-457e-b55a-df376b359446,Poseidon Group,Poseidon Group
intrusion-set--abc5a1d4-f0dc-49d1-88a1-4a80e478bb03,LazyScripter,LazyScripter
intrusion-set--2fd2be6a-d3a2-4a65-b499-05ea2693abee,Gallmaker,Gallmaker
intrusion-set--7251b44b-6072-476c-b8d9-a6e32c355b28,MoustachedBouncer,MoustachedBouncer
intrusion-set--dcd81c6e-ebf7-4a16-93e0-9a97fa49c88a,CopyKittens,CopyKittens
intrusion-set--d69e568e-9ac8-4c08-b32c-d93b43ba9172,Thrip,Thrip
intrusion-set--7a0d4c09-dfe7-4fa2-965a-1a0e42fedd70,Stolen Pencil,Stolen Pencil
intrusion-set--efed95ba-d7e8-47ff-8c53-99c42426ee7c,PROMETHIUM,"PROMETHIUM, StrongPity"
intrusion-set--0ea72cd5-ca30-46ba-bc04-378f701c658f,GCMAN,GCMAN
intrusion-set--6566aac9-dad8-4332-ae73-20c23bad7f02,Ferocious Kitten,Ferocious Kitten
intrusion-set--fe98767f-9df8-42b9-83c9-004b1dec8647,PittyTiger,PittyTiger
intrusion-set--090242d7-73fc-4738-af68-20162f7a5aae,APT17,"APT17, Deputy Dog"
intrusion-set--be8847e0-9512-45db-895e-f871ab6d3820,Water Galura,"Water Galura, GOLD FEATHER"
intrusion-set--da49b9f1-ca99-443f-9728-0a074db66850,BlackOasis,BlackOasis
intrusion-set--e5603ea8-4c36-40e7-b7af-a077d24fedc1,IndigoZebra,IndigoZebra
intrusion-set--76565741-3452-4069-ab08-80c0ea95bbeb,SilverTerrier,SilverTerrier
intrusion-set--277d2f87-2ae5-4730-a3aa-50c1fdff9656,Strider,"Strider, ProjectSauron"
intrusion-set--14225573-63b5-4e50-ba9a-5fdcaf6a7b4c,AppleJeus,"AppleJeus, Gleaming Pisces, Citrine Sleet, UNC1720, UNC4736"
intrusion-set--c5574ca0-d5a4-490a-b207-e4658e5fd1d7,Scarlet Mimic,Scarlet Mimic
intrusion-set--a5cfbc79-316c-42f2-915d-6e8fef4085f8,TA578,TA578
intrusion-set--d6e88e18-81e8-4709-82d8-973095da1e70,APT16,APT16
intrusion-set--2e5d3a83-fe00-41a5-9b60-237efc84832f,Moafee,Moafee
intrusion-set--025bdaa9-897d-4bad-afa6-013ba5734653,NEODYMIUM,NEODYMIUM
intrusion-set--f3bdec95-3d62-42d9-a840-29630f6cdc1a,DragonOK,DragonOK
intrusion-set--59140a2e-d117-4206-9b2c-2a8662bd9d46,Taidoor,Taidoor
intrusion-set--8332952e-b86b-486b-acc3-1c2a85d39394,APT-C-23,"APT-C-23, Mantis, Arid Viper, Desert Falcon, TAG-63, Grey Karkadann, Big Bang APT, Two-tailed Scorpion"
intrusion-set--9559ecaf-2e75-48a7-aee8-9974020bc772,MONSOON,NA
intrusion-set--92d5b3fd-3b39-438e-af68-770e447beada,Charming Kitten,Charming Kitten
intrusion-set--68ba94ab-78b8-43e7-83e2-aed3466882c6,APT34,NA
